filename	acq_time	run_order	session
func/sub-001_task-fomo_run-01_bold.nii.gz	2024-11-20T09:15:31	1	1
func/sub-001_task-rest_run-02_bold.nii.gz	2024-11-20T09:15:31	2	1
func/sub-001_task-royals_run-03_bold.nii.gz	2024-11-20T09:15:31	3	1
func/sub-001_task-rest_run-04_bold.nii.gz	2024-11-27T11:55:16	4	2
func/sub-001_task-interviews_run-05_bold.nii.gz	2024-11-27T11:55:16	5	2
func/sub-001_task-poland_run-06_bold.nii.gz	2024-11-27T11:55:16	6	2
func/sub-001_task-firstdates_run-07_bold.nii.gz	2024-12-04T11:40:33	7	3
func/sub-001_task-farmers_run-08_bold.nii.gz	2024-12-04T11:40:33	8	3
func/sub-001_task-rest_run-09_bold.nii.gz	2024-12-04T11:40:33	9	3
